{
  "mae": 30587.668655055597,
  "rmse": 55944.26676181531,
  "r2": 0.9182620770407406,
  "mape": 10.659202746651166,
  "median_ae": 17393.85255481911,
  "within_5_pct": 39.96477121191012,
  "within_10_pct": 65.84200784188842,
  "within_15_pct": 80.30969488286925,
  "test_size": 100486,
  "price_range": {
    "min": 35000.0,
    "max": 1515000.0,
    "median": 282050.0,
    "mean": 320454.6893747388
  },
  "trained_at": "2025-12-01T13:10:23.438924",
  "model_version": "gpr-avm-v1.0.0",
  "feature_count": 27
}